-102,-88,-14
-99,-83,-21
-100,-86,-16
-99,-87,-9
-87,-87,-9
-94,-100,-14
-80,-104,-22
-86,-106,-20
-91,-97,-23
-90,-112,-20
-88,-106,-18
-95,-115,-25
-86,-118,-34
-88,-128,-36
-92,-130,-40
-91,-133,-37
-92,-136,-46
-97,-135,-41
-90,-132,-48
-97,-131,-47
-105,-133,-45
-111,-129,-47
-115,-135,-47
-117,-129,-51
-122,-124,-50
-121,-119,-45
-111,-127,-53
-111,-123,-55
-119,-129,-57
-123,-117,-49
-126,-114,-46
-136,-92,-40
-133,-77,-41
-133,-57,-37
-130,-54,-28
-132,-46,-32
-129,-13,-17
-140,2,-28
-142,38,-44
-164,64,-56
-180,78,-74
-187,91,-79
-203,79,-99
-216,70,-110
-221,55,-123
-224,38,-126
-234,32,-126
-232,2,-134
-242,12,-154
-246,8,-158
-249,-1,-173
-249,1,-173
-247,-5,-181
-265,15,-203
-263,11,-209
-268,12,-222
-267,7,-235
-277,7,-237
-274,16,-242
-277,35,-239
-278,22,-248
-277,13,-251
-278,38,-266
-279,33,-263
-273,47,-267
-275,45,-279
-279,63,-283
-277,63,-279
-273,79,-285
-272,84,-290
-274,78,-288
-270,54,-292
-275,63,-297
-278,44,-282
-274,14,-268
-268,16,-270
-267,11,-265
-268,2,-252
-261,1,-247
-255,-1,-229
-252,2,-214
-242,-14,-196
-221,-23,-167
-203,3,-141
-180,10,-124
-185,35,-121
-169,85,-133
-168,80,-114
-162,98,-108
-161,101,-105
-162,88,-98
-154,86,-90
-164,104,-94
-169,113,-83
-154,112,-78
-139,111,-67
-128,116,-60
-120,102,-44
-99,85,-19
-77,65,-25
-63,61,-11
-46,58,-14
-38,66,-2
-31,71,-7
-14,64,-2
-8,64,8
15,59,7
26,60,2
31,61,7
48,66,2
60,44,8
66,32,14
86,8,14
105,-9,5
130,-28,-8
162,-50,-24
180,-84,-42
191,-119,-75
193,-131,-115
194,-148,-156
175,-179,-177
155,-191,-197
155,-191,-207
161,-193,-207
157,-187,-195
166,-196,-190
172,-182,-198
167,-179,-213
174,-174,-242
143,-191,-271
136,-192,-290
138,-198,-288
127,-197,-269
122,-202,-278
122,-206,-270
112,-212,-254
111,-205,-231
121,-211,-221
127,-197,-195
123,-197,-165
112,-196,-166
100,-192,-164
80,-196,-160
74,-192,-144
62,-186,-134
53,-169,-117
36,-176,-116
16,-174,-110
-9,-165,-99
-10,-156,-92
-13,-155,-71
-39,-151,-79
-51,-153,-83
-47,-165,-91
-31,-169,-89
-26,-172,-86
-22,-182,-88
-11,-187,-99
-12,-184,-108
-17,-205,-127
-25,-201,-143
-32,-202,-150
-40,-212,-144
-26,-208,-144
-11,-211,-139
-8,-198,-124
-5,-197,-115
-3,-183,-105
1,-179,-95
9,-171,-85
5,-163,-63
5,-153,-45
9,-133,-31
10,-118,-40
10,-96,-20
9,-67,-3
11,-67,1
-5,-61,11
5,-55,-3
-9,-43,7
-7,-31,1
-17,-7,11
-18,22,6
-26,50,8
-20,84,-2
-8,94,-12
5,125,-23
9,163,-35
23,179,-53
26,194,-70
40,200,-58
60,200,-62
85,195,-59
103,171,-55
122,158,-50
147,137,-45
145,97,-33
155,61,-41
167,21,-27
165,-25,-37
167,-63,-37
161,-103,-55
149,-139,-69
134,-158,-74
90,-196,-106
62,-208,-138
56,-210,-146
49,-221,-167
49,-223,-167
47,-227,-149
53,-231,-143
48,-226,-154
33,-223,-171
33,-233,-173
14,-226,-178
8,-232,-164
14,-228,-166
2,-230,-168
-5,-227,-173
-18,-224,-176
-31,-229,-191
-36,-228,-190
-50,-228,-214
-56,-226,-220
-65,-225,-233
-78,-222,-236
-83,-213,-229
-107,-207,-249
-124,-202,-252
-120,-202,-262
-110,-208,-268
-107,-207,-267
-75,-225,-273
-31,-229,-289
-7,-223,-301
-6,-228,-308
-4,-230,-312
29,-227,-311
77,-209,-305
127,-197,-297
169,-165,-271
211,-129,-247
220,-102,-228
234,-90,-228
237,-59,-215
253,-33,-217
252,-26,-212
247,-21,-197
235,-29,-199
227,-45,-185
205,-67,-171
190,-82,-168
189,-91,-175
179,-99,-167
180,-106,-158
174,-110,-156
187,-113,-151
190,-90,-148
186,-94,-142
178,-108,-126
174,-108,-114
171,-99,-99
156,-90,-92
164,-96,-78
144,-90,-72
136,-100,-64
118,-108,-48
110,-110,-50
103,-109,-43
98,-126,-42
94,-120,-48
94,-134,-52
77,-147,-59
59,-157,-59
45,-169,-63
45,-165,-65
50,-154,-54
38,-160,-60
25,-165,-65
3,-173,-67
-12,-162,-58
-22,-154,-56
-56,-140,-34
-54,-112,-30
-74,-102,-22
-84,-102,-30
-81,-101,-23
-90,-86,-26
-102,-74,-22
-111,-51,-21
-113,-21,-23
-129,-15,-33
-149,11,-47
-155,17,-45
-156,34,-56
-160,60,-54
-170,76,-66
-180,100,-86
-180,118,-96
-190,132,-108
-196,130,-108
-207,123,-125
-219,129,-131
-218,126,-136
-224,122,-156
-223,143,-159
-229,137,-177
-230,118,-190
-255,107,-183
-243,83,-189
-253,99,-207
-251,105,-213
-251,95,-221
-262,88,-224
-266,76,-248
-266,70,-276
-272,70,-286
-274,54,-284
-273,55,-277
-277,57,-295
-273,47,-305
-282,56,-306
-277,59,-295
-277,67,-291
-274,36,-292
-276,12,-294
-281,15,-311
-280,0,-298
-277,-11,-305
-268,-8,-304
-274,-4,-292
-270,-16,-300
-265,-25,-291
-259,-41,-285
-246,-64,-266
-245,-77,-263
-246,-70,-246
-240,-68,-246
-244,-66,-234
-234,-72,-216
-236,-70,-208
-238,-58,-210
-224,-54,-198
-230,-52,-178
-214,-48,-166
-205,-51,-153
-212,-54,-142
-193,-51,-127
-183,-43,-111
-186,-40,-102
-186,-24,-98
-185,-13,-95
-171,-7,-81
-176,2,-88
-175,7,-83
-172,6,-88
-173,19,-79
-168,26,-84
-177,33,-87
-181,39,-85
-175,53,-83
-176,54,-82
-171,55,-73
-182,72,-80
-186,76,-82
-177,91,-87
-178,106,-86
-168,118,-86
-158,122,-76
-159,133,-79
-159,135,-89
-165,131,-91
-169,135,-99
-158,134,-86
-152,142,-88
-144,156,-90
-150,168,-96
-148,180,-94
-135,165,-89
-124,178,-94
-106,176,-82
-100,176,-74
-82,190,-82
-62,196,-78
-43,205,-83
-17,205,-81
-4,194,-70
18,182,-70
28,188,-62
43,189,-53
50,170,-62
55,169,-57
67,167,-51
76,160,-54
91,159,-51
105,157,-53
110,152,-50
111,149,-35
109,145,-41
118,140,-50
125,135,-41
130,110,-38
143,93,-39
154,78,-32
153,59,-39
161,65,-41
169,57,-41
167,53,-57
177,35,-47
184,16,-46
178,4,-46
171,-11,-57
175,7,-53
189,-13,-59
191,-41,-59
187,-73,-55
187,-83,-73
194,-94,-92
190,-108,-100
184,-116,-120
174,-152,-122
146,-174,-140
113,-191,-159
93,-211,-157
67,-209,-169
50,-226,-160
42,-222,-172
21,-229,-189
5,-229,-173
-14,-230,-176
-26,-218,-172
-48,-218,-168
-83,-213,-175
-135,-197,-175
-206,-118,-174
-251,-1,-193
-247,107,-207
-218,186,-204
-170,240,-204
-135,253,-189
-152,258,-196
-150,264,-210
-139,271,-209
-123,275,-215
-114,282,-212
-106,278,-222
-99,285,-219
-85,291,-219
-62,292,-220
-55,293,-237
-50,302,-226
-37,299,-223
-37,307,-225
-23,307,-231
-22,308,-236
-9,311,-235
8,304,-230
35,297,-225
76,286,-212
140,260,-196
187,205,-161
216,144,-154
234,120,-156
239,91,-153
252,86,-154
244,78,-162
251,51,-169
259,23,-177
261,5,-191
257,-29,-201
249,-67,-201
241,-93,-203
211,-121,-211
195,-149,-233
149,-179,-265
113,-195,-291
93,-203,-301
65,-213,-301
53,-219,-295
42,-232,-286
33,-225,-285
17,-231,-279
22,-240,-268
27,-237,-253
29,-233,-237
21,-233,-221
-30,-228,-204
-63,-221,-227
-99,-221,-229
-110,-216,-236
-116,-204,-246
-119,-205,-255
-123,-201,-261
-141,-195,-269
-143,-193,-275
-149,-191,-277
-154,-190,-286
-155,-177,-295
-156,-184,-290
-138,-198,-296
-135,-193,-283
-122,-198,-288
-127,-195,-289
-122,-198,-290
-129,-185,-303
-168,-166,-320
-204,-116,-348
-214,-106,-354
-235,-83,-365
-239,-47,-379
-261,9,-389
-257,33,-401
-260,48,-396
-269,63,-397
-255,117,-407
-245,161,-411
-216,224,-396
-187,269,-373
-137,293,-365
-112,320,-338
-91,327,-319
-78,318,-300
-63,327,-287
-60,330,-278
-40,326,-278
-15,329,-271
3,327,-265
6,328,-260
24,316,-264
60,322,-268
71,301,-277
80,304,-270
89,309,-277
95,313,-285
87,315,-303
72,328,-322
77,323,-329
85,315,-333
103,313,-331
96,312,-324
96,318,-338
87,321,-341
86,318,-350
92,316,-346
86,314,-330
83,307,-319
95,307,-329
99,305,-319
100,302,-318
110,294,-322
107,297,-317
110,292,-302
103,289,-317
102,290,-312
105,291,-301
106,294,-302
88,300,-298
98,296,-308
106,298,-306
96,296,-300
95,297,-307
104,294,-300
89,299,-297
86,306,-304
95,303,-303
101,295,-299
105,295,-295
102,300,-292
124,278,-280
124,258,-280
132,254,-264
122,244,-256
130,238,-250
136,236,-254
139,225,-261
151,217,-249
152,206,-236
164,204,-242
166,196,-238
169,185,-229
165,197,-241
162,204,-242
135,215,-255
119,243,-257
81,263,-269
33,293,-273
-12,302,-278
-70,302,-286
-124,278,-296
-160,252,-298
-192,236,-296
-215,217,-295
-238,188,-286
-258,170,-282
-271,119,-281
-274,58,-252
-280,4,-240
-256,-26,-226
-238,-60,-208
-204,-82,-208
-174,-94,-196
-172,-92,-202
-174,-98,-194
-145,-99,-185
-140,-92,-172
-111,-91,-169
-108,-92,-144
-111,-75,-125
-101,-75,-111
-96,-50,-104
-87,-25,-109
-110,14,-138
-116,22,-142
-117,29,-141
-127,25,-167
-127,9,-197
-124,-14,-202
-117,-25,-209
-110,-32,-216
-100,-52,-216
-85,-69,-223
-69,-91,-215
-66,-94,-218
-42,-106,-216
-42,-102,-206
-42,-108,-204
-37,-109,-205
-16,-108,-206
0,-126,-180
24,-114,-180
33,-119,-179
49,-101,-177
58,-104,-176
69,-89,-169
74,-88,-178
53,-87,-181
46,-86,-192
32,-102,-192
30,-104,-202
4,-110,-202
-6,-116,-208
-46,-126,-220
-79,-121,-233
-98,-120,-228
-111,-109,-235
-132,-110,-228
-157,-97,-233
-190,-46,-234
-212,8,-256
-217,49,-259
-207,67,-261
-188,104,-266
-170,136,-278
-167,143,-277
-163,135,-271
-186,116,-258
-176,128,-260
-181,153,-259
-195,149,-273
-202,148,-254
-206,156,-238
-213,171,-217
-174,204,-214
-130,228,-204
-68,240,-198
-26,242,-172
-13,243,-171
24,246,-170
35,253,-181
58,258,-176
65,251,-183
83,251,-193
90,246,-184
104,242,-182
117,239,-177
134,232,-182
149,217,-189
160,204,-188
168,194,-178
187,175,-175
192,176,-182
205,169,-193
205,155,-187
209,125,-175
201,127,-161
201,141,-163
186,140,-160
181,135,-143
166,144,-132
133,187,-121
97,205,-143
56,224,-142
42,234,-150
20,242,-164
-26,254,-166
-90,260,-196
-157,253,-227
-214,200,-260
-252,148,-264
-270,90,-268
-281,53,-263
-274,22,-256
-262,-4,-248
-256,-48,-226
-245,-71,-209
-229,-97,-193
-212,-110,-186
-196,-120,-168
-183,-127,-147
-157,-133,-121
-155,-129,-105
-131,-127,-93
-114,-136,-86
-94,-148,-86
-75,-131,-63
-65,-135,-67
-49,-137,-49
-43,-133,-49
-26,-138,-64
-26,-130,-52
-20,-128,-46
-30,-122,-46
-29,-125,-37
-29,-121,-41
-20,-126,-42
-14,-128,-40
3,-119,-39
9,-117,-33
18,-120,-34
27,-123,-39
27,-117,-37
20,-120,-32
4,-118,-42
-22,-120,-36
-57,-105,-43
-100,-72,-48
-129,-15,-55
-145,-7,-51
-135,7,-43
-131,19,-47
-129,17,-43
-142,4,-38
-137,1,-47
-151,21,-65
-122,96,-58
-63,91,-25
-41,59,-9
-32,50,-16
-25,65,-9
-19,71,-15
-7,67,-7
8,62,-12
26,68,-8
42,68,-18
58,76,-12
74,80,-20
78,74,-18
99,67,-15
102,62,-18
102,80,-30
94,84,-26
103,71,-25
103,65,-25
112,58,-26
113,67,-29
112,76,-32
102,80,-34
104,94,-38
70,122,-44
0,160,-58
-36,152,-58
-93,139,-55
-94,136,-60
-98,132,-62
-104,126,-62
-108,122,-54
-141,87,-57
-152,70,-56
-154,50,-56
-144,22,-50
-139,-1,-39
-132,-6,-28
-107,-9,-27
-101,-17,-19
-91,-5,-19
-93,-11,-15
-75,-13,-5
-71,-17,3
-66,-22,2
-52,-28,0
-50,-30,-6
-45,-45,-7
-44,-50,0
-50,-56,-4
-57,-57,-5
-56,-46,2
-43,-33,1
-45,-21,3
-47,-23,3
-58,-16,-6
-77,1,-1
-78,-14,-8
-81,-25,-5
-77,-17,-5
-81,-31,-1
-67,-65,7
-55,-63,1
-56,-52,6
-56,-52,6
-62,-40,6
-57,-23,3
-70,-6,-4
-84,-4,-8
-83,13,-5
-87,19,-9
-74,24,-6
-75,53,-15
-48,54,-6
-32,56,4
-20,18,18
-4,-10,6
-7,-27,13
-7,-27,21
0,-24,12
10,-28,12
13,-39,11
7,-37,11
7,-47,15
6,-42,8
3,-57,9
1,-79,15
-24,-84,2
-51,-81,-3
-92,-66,-14
-112,-32,-22
-121,-15,-23
-113,-25,-17
-113,-35,-25
-110,-32,-24
-116,-32,-18
-106,-34,-16
-111,-51,-15
-99,-69,-21
-73,-111,-19
-16,-132,-8
65,-99,1
78,-80,12
77,-71,15
83,-67,15
69,-59,5
77,-41,17
70,-36,22
83,-31,15
76,-22,12
85,-27,9
84,-24,12
96,-24,10
111,-11,-5
127,-23,5
141,-45,-7
147,-49,-11
158,-54,-24
159,-67,-29
153,-57,-41
171,-39,-41
184,-32,-46
188,-40,-44
183,-37,-55
180,-42,-42
175,-29,-49
202,36,-70
189,67,-67
184,90,-66
180,104,-66
176,100,-52
186,90,-54
170,128,-76
158,162,-78
158,154,-78
132,164,-62
115,171,-61
102,182,-66
85,203,-79
59,211,-85
37,223,-95
28,226,-98
28,220,-96
29,221,-103
32,230,-88
37,225,-95
79,229,-117
155,201,-133
222,136,-134
252,-4,-132
198,-132,-138
198,-142,-152
175,-151,-141
160,-164,-160
131,-185,-157
119,-197,-171
99,-213,-171
92,-214,-182
84,-216,-182
71,-209,-179
58,-222,-182
55,-221,-181
32,-216,-168
15,-221,-177
5,-227,-181
0,-220,-178
9,-221,-179
19,-225,-175
35,-223,-183
62,-222,-170
87,-215,-153
114,-206,-152
141,-171,-131
154,-168,-126
159,-159,-129
170,-166,-132
158,-174,-132
147,-169,-119
159,-163,-123
162,-154,-136
129,-191,-137
138,-188,-146
130,-180,-122
129,-189,-117
120,-192,-120
126,-188,-124
129,-189,-125
142,-184,-122
142,-166,-112
164,-150,-110
169,-137,-99
188,-116,-104
195,-83,-111
222,-32,-120
225,53,-129
215,121,-127
193,183,-135
162,190,-142
147,215,-139
119,237,-139
100,252,-162
74,262,-174
65,263,-179
61,283,-199
60,284,-208
45,293,-225
44,304,-268
38,310,-290
23,313,-303
4,316,-324
-14,316,-334
-19,313,-345
-21,313,-347
-20,310,-356
-19,305,-361
-20,308,-362
14,312,-356
43,305,-349
92,290,-350
149,257,-341
208,190,-330
258,94,-316
261,5,-301
236,-68,-296
189,-121,-299
152,-156,-298
123,-183,-289
106,-188,-284
81,-197,-295
62,-204,-290
58,-206,-286
47,-201,-305
62,-202,-306
66,-202,-294
64,-192,-304
71,-197,-309
78,-204,-308
83,-189,-309
92,-180,-326
109,-179,-335
111,-167,-331
122,-154,-340
162,-140,-340
209,-71,-335
241,41,-341
232,122,-340
218,170,-342
193,199,-317
175,237,-315
143,265,-325
116,282,-328
92,292,-326
73,305,-335
52,312,-350
39,307,-359
24,306,-352
6,312,-350
-9,309,-345
-23,315,-337
-26,320,-340
-34,306,-346
-36,308,-354
-38,314,-346
-26,312,-344
-1,313,-341
31,309,-347
55,305,-365
93,285,-371
157,231,-375
210,168,-360
234,94,-364
227,-11,-355
199,-63,-343
179,-79,-353
163,-103,-361
148,-120,-362
129,-125,-361
113,-127,-357
115,-135,-365
116,-130,-362
95,-123,-379
94,-138,-372
88,-130,-374
92,-140,-368
95,-129,-357
112,-132,-348
147,-103,-339
195,-45,-321
223,49,-323
219,131,-323
205,183,-327
189,207,-327
177,227,-323
155,247,-323
130,266,-334
105,291,-333
76,308,-346
47,317,-343
15,323,-347
-12,320,-338
-25,321,-333
-52,316,-320
-70,316,-326
-78,302,-318
-87,311,-315
-101,309,-319
-108,302,-326
-101,297,-315
-92,306,-304
-64,326,-316
-36,322,-318
1,323,-325
46,314,-316
111,281,-305
177,227,-271
209,143,-253
227,73,-227
225,17,-227
201,-17,-219
189,-47,-221
167,-67,-217
147,-81,-209
139,-107,-205
123,-117,-221
113,-129,-221
129,-117,-223
138,-106,-214
154,-100,-234
152,-110,-226
136,-120,-234
151,-117,-237
138,-132,-238
133,-123,-233
134,-132,-232
146,-122,-240
169,-87,-239
208,2,-234
180,180,-208
124,248,-220
80,288,-248
60,302,-246
44,314,-262
38,318,-264
27,319,-273
19,327,-279
26,324,-292
13,321,-301
31,327,-301
48,326,-304
73,309,-287
103,273,-257
183,197,-237
213,73,-205
176,-52,-200
117,-119,-201
79,-137,-211
56,-148,-208
34,-150,-204
12,-154,-210
-6,-162,-212
-3,-147,-219
-5,-149,-219
7,-151,-209
26,-158,-216
44,-152,-218
103,-137,-237
180,-62,-226
209,57,-225
202,146,-224
181,203,-239
160,236,-228
131,263,-237
120,276,-240
98,270,-230
111,263,-221
124,228,-212
146,176,-184
196,78,-170
153,-83,-161
22,-170,-192
0,-178,-204
19,-155,-197
1,-129,-199
-12,-130,-188
-3,-135,-183
-68,-138,-186
-95,-131,-197
-70,-130,-198
-60,-134,-194
-32,-142,-194
4,-148,-204
62,-148,-210
160,-60,-202
190,48,-196
170,134,-200
144,172,-190
139,193,-185
134,208,-202
115,213,-187
117,217,-187
130,200,-188
131,175,-181
144,152,-178
151,137,-179
146,138,-190
159,109,-199
157,109,-203
168,102,-204
169,103,-207
176,98,-198
193,95,-201
193,79,-201
188,74,-208
188,72,-214
189,73,-217
182,62,-210
190,54,-230
193,47,-221
191,23,-221
181,23,-229
185,13,-233
181,19,-225
186,2,-218
177,-17,-223
140,-88,-228
72,-148,-254
6,-172,-268
-43,-165,-285
-85,-165,-293
-93,-155,-299
-122,-150,-304
-132,-142,-318
-140,-128,-320
-149,-127,-329
-151,-115,-329
-143,-117,-345
-114,-130,-352
-78,-150,-358
-44,-152,-354
48,-156,-356
150,-102,-266
179,-17,-161
199,55,-135
219,57,-141
232,82,-152
238,132,-156
242,166,-162
232,174,-166
233,185,-149
225,161,-139
228,128,-124
226,74,-132
205,29,-139
203,-13,-157
182,-56,-192
92,-126,-258
-30,-152,-344
-74,-140,-376
-96,-138,-382
-77,-149,-373
-73,-145,-383
-70,-162,-374
-73,-161,-377
-54,-158,-372
-38,-166,-380
-32,-162,-376
-22,-170,-364
-21,-167,-361
-18,-174,-364
-34,-176,-362
-49,-171,-365
-54,-182,-364
-49,-173,-367
-52,-166,-378
-52,-174,-384
-32,-162,-378
-10,-148,-394
36,-150,-396
97,-113,-407
149,-83,-399
171,-69,-385
168,-62,-382
156,-58,-396
140,-86,-404
135,-75,-413
130,-78,-408
142,-88,-404
186,-56,-394
207,1,-387
216,72,-378
205,127,-377
196,176,-386
179,191,-391
175,193,-387
161,189,-399
175,185,-409
170,182,-408
182,170,-412
194,152,-408
197,121,-411
199,63,-407
175,-31,-395
109,-105,-395
56,-122,-422
33,-119,-425
37,-127,-425
48,-118,-408
67,-127,-415
68,-112,-424
93,-95,-423
127,-81,-419
174,-32,-412
194,42,-410
203,139,-403
178,182,-396
170,192,-406
166,194,-404
177,173,-395
177,173,-395
198,152,-392
205,135,-395
215,85,-383
199,-9,-385
140,-100,-380
90,-124,-398
58,-134,-390
78,-146,-384
73,-141,-391
70,-134,-390
68,-146,-390
56,-138,-398
67,-147,-385
70,-142,-376
70,-148,-376
97,-141,-371
117,-125,-379
155,-95,-375
212,-4,-372
209,151,-371
148,254,-368
97,285,-379
102,286,-362
110,272,-380
114,274,-378
137,261,-375
157,243,-381
181,211,-367
212,150,-370
233,45,-357
207,-45,-339
176,-96,-342
144,-110,-354
141,-119,-365
149,-117,-365
155,-123,-349
138,-130,-346
142,-126,-358
142,-124,-352
153,-109,-343
170,-102,-352
182,-78,-352
205,-41,-361
225,-3,-349
231,17,-339
223,1,-347
220,-4,-350
224,-8,-340
233,-3,-341
236,18,-338
234,70,-352
231,95,-345
216,166,-350
131,279,-347
59,315,-355
36,318,-350
43,321,-353
48,320,-354
72,308,-358
84,296,-360
97,287,-367
131,271,-355
166,242,-358
213,165,-349
241,67,-333
228,0,-332
217,-37,-345
212,-36,-346
205,-41,-349
202,-42,-342
214,-46,-344
208,-40,-346
214,-24,-348
230,20,-344
232,98,-350
183,217,-359
80,298,-358
41,319,-357
36,318,-346
28,316,-352
30,316,-360
65,309,-351
72,312,-366
84,296,-370
87,297,-365
94,294,-362
103,291,-371
127,271,-373
182,224,-372
223,115,-369
234,40,-364
223,11,-351
228,0,-360
220,-4,-362
209,-31,-367
175,-51,-379
168,-78,-386
161,-95,-385
137,-103,-387
114,-108,-392
101,-109,-411
97,-101,-417
91,-119,-413
84,-118,-414
81,-115,-409
83,-113,-411
125,-95,-413
118,-84,-418
113,-79,-421
108,-100,-428
95,-127,-399
97,-135,-387
79,-151,-377
77,-151,-383
76,-140,-396
112,-124,-402
108,-112,-406
109,-91,-425
115,-71,-433
91,-79,-447
94,-84,-436
98,-102,-412
99,-123,-403
85,-125,-395
86,-126,-394
98,-106,-414
95,-103,-411
104,-114,-412
117,-111,-397
117,-111,-385
119,-113,-393
119,-125,-385
128,-126,-370
116,-132,-362
123,-137,-359
114,-128,-364
82,-130,-386
75,-123,-401
76,-120,-416
59,-103,-419
65,-107,-437
60,-104,-444
60,-94,-450
49,-91,-453
58,-94,-462
58,-92,-464
63,-87,-457
77,-85,-451
95,-83,-445
82,-82,-450
29,-93,-463
-13,-81,-471
-91,-71,-471
-156,-36,-474
-192,18,-480
-204,82,-478
-226,106,-462
-233,115,-447
-243,135,-441
-238,172,-438
-220,196,-456
-196,226,-444
-194,230,-434
-182,256,-434
-167,273,-411
-166,284,-406
-168,280,-390
-187,277,-383
-216,250,-382
-227,237,-379
-234,226,-378
-246,198,-380
-265,125,-373
-252,12,-382
-191,-95,-391
-125,-145,-375
-78,-168,-368
-19,-173,-369
33,-163,-371
53,-165,-367
69,-161,-373
62,-154,-366
91,-139,-379
110,-142,-378
131,-127,-375
154,-106,-366
171,-81,-373
178,-28,-398
184,38,-440
192,86,-440
201,83,-421
193,125,-429
191,131,-433
192,146,-434
186,142,-428
176,166,-434
157,183,-449
151,175,-463
144,164,-484
118,172,-486
104,172,-498
112,180,-498
97,181,-501
78,174,-508
84,180,-506
86,190,-500
86,202,-500
79,207,-503
73,219,-501
60,232,-488
61,237,-485
50,240,-502
35,243,-503
26,256,-488
25,261,-487
10,264,-488
3,267,-493
-5,265,-489
-4,274,-484
-8,266,-484
-20,264,-492
-26,270,-484
-34,270,-484
-28,266,-482
-28,270,-486
-18,278,-494
-19,273,-487
-15,269,-489
-6,266,-488
22,272,-480
56,266,-474
86,250,-466
117,239,-449
153,229,-439
175,191,-413
187,171,-403
202,152,-400
217,125,-399
214,92,-386
223,69,-389
207,63,-401
201,49,-403
188,20,-414
174,-38,-418
112,-86,-416
-12,-122,-444
-123,-57,-491
-166,26,-518
-183,67,-513
-186,76,-510
-194,96,-508
-208,140,-488
-211,187,-471
-220,194,-462
-212,206,-458
-198,248,-442
-175,279,-427
-170,296,-390
-163,299,-391
-158,314,-390
-131,325,-369
-122,324,-354
-127,337,-343
-125,329,-319
-122,344,-312
-129,331,-319
-135,317,-315
-163,307,-309
-193,301,-325
-207,287,-331
-220,260,-340
-240,232,-340
-267,183,-363
-281,101,-367
-246,-52,-370
-116,-164,-366
-11,-197,-333
30,-198,-320
35,-201,-337
42,-186,-340
74,-182,-342
112,-164,-330
115,-153,-333
131,-151,-325
122,-154,-330
140,-142,-350
156,-114,-374
163,-89,-397
163,-71,-413
172,-50,-428
174,-12,-454
158,22,-488
151,47,-499
137,51,-507
139,67,-527
127,95,-531
120,110,-532
111,121,-535
91,135,-551
82,152,-558
78,158,-550
77,181,-537
74,176,-540
73,181,-541
68,176,-532
69,175,-533
66,182,-538
58,182,-536
50,178,-546
59,175,-537
60,182,-536
68,180,-542
64,174,-534
76,174,-522
99,175,-515
128,162,-502
160,136,-482
190,102,-454
203,55,-431
199,13,-415
194,-10,-408
176,-28,-404
163,-39,-425
163,-61,-427
131,-75,-443
93,-85,-449
59,-97,-459
17,-97,-481
-51,-81,-501
-111,-51,-523
-144,6,-536
-156,60,-544
-172,98,-550
-175,137,-541
-173,169,-537
-168,208,-538
-157,235,-525
-149,265,-515
-139,295,-485
-143,303,-473
-118,324,-462
-109,325,-449
-101,337,-435
-84,354,-408
-72,366,-404
-67,369,-407
-66,364,-398
-57,361,-371
-50,370,-356
-41,377,-347
-33,377,-343
-35,359,-329
-10,364,-316
-5,365,-315
0,366,-310
20,356,-302
31,351,-297
36,344,-288
35,355,-295
39,355,-285
44,350,-284
42,352,-284
35,355,-281
7,365,-281
-55,365,-299
-98,360,-326
-151,347,-327
-175,323,-321
-215,303,-327
-235,273,-333
-264,236,-338
-281,213,-377
-264,232,-394
-258,230,-420
-259,215,-417
-286,178,-406
-292,154,-414
-288,100,-414
-301,43,-399
-273,-11,-387
-240,-70,-392
-194,-120,-382
-160,-144,-368
-129,-173,-369
-74,-202,-352
-36,-216,-322
-4,-216,-312
22,-206,-324
55,-199,-317
98,-186,-324
133,-165,-345
154,-138,-380
169,-103,-411
177,-79,-419
204,-44,-436
203,9,-473
184,74,-522
160,98,-548
139,99,-569
128,102,-574
108,114,-576
98,112,-588
83,129,-585
72,122,-600
58,112,-594
53,125,-593
41,133,-599
42,126,-602
50,112,-606
46,120,-608
61,117,-595
78,118,-588
110,110,-566
146,96,-540
165,57,-505
179,25,-475
166,-18,-462
148,-30,-466
129,-55,-475
106,-72,-480
80,-92,-472
48,-96,-482
31,-85,-491
2,-76,-512
-37,-75,-519
-62,-62,-536
-92,-22,-558
-117,7,-563
-125,17,-563
-145,57,-579
-165,101,-589
-168,128,-590
-166,154,-586
-171,177,-583
-183,191,-583
-175,229,-571
-171,251,-575
-157,273,-573
-156,290,-566
-159,309,-541
-159,337,-509
-142,360,-484
-133,377,-455
-109,381,-437
-80,402,-422
-40,388,-404
-30,398,-412
-28,392,-420
-28,398,-416
-25,399,-429
-23,399,-443
-32,402,-444
-58,406,-464
-83,389,-487
-112,394,-496
-154,366,-518
-179,341,-525
-185,315,-545
-190,308,-546
-203,305,-539
-201,303,-535
-225,289,-535
-242,280,-512
-247,281,-493
-256,258,-486
-277,209,-475
-284,150,-472
-280,92,-464
-278,62,-456
-265,37,-457
-242,12,-470
-223,-13,-471
-212,-32,-464
-203,-53,-471
-173,-75,-459
-155,-95,-457
-126,-100,-464
-103,-103,-469
-58,-126,-470
-20,-134,-456
26,-130,-438
70,-126,-438
87,-117,-441
115,-93,-439
128,-74,-468
131,-55,-491
105,-41,-533
86,-16,-572
63,-7,-603
54,20,-606
52,58,-628
28,92,-648
19,119,-657
14,122,-666
-4,114,-670
-14,106,-680
-26,104,-696
-38,108,-688
-40,110,-690
-43,99,-691
-63,77,-699
-72,70,-704
-75,41,-707
-79,23,-721
-90,-2,-722
-87,-15,-723
-85,-31,-723
-86,-50,-708
-80,-72,-706
-81,-91,-701
-84,-96,-702
-100,-88,-696
-99,-57,-691
-117,-27,-687
-131,-17,-679
-129,11,-671
-130,40,-658
-130,86,-658
-167,139,-661
-184,200,-664
-186,262,-674
-187,307,-661
-183,329,-663
-180,348,-654
-164,372,-658
-153,391,-651
-128,412,-664
-88,418,-670
-69,411,-677
-42,404,-686
-30,394,-690
2,388,-694
24,370,-696
29,345,-707
45,347,-725
65,331,-727
94,314,-726
112,308,-738
117,297,-747
112,290,-738
117,279,-733
139,255,-731
146,228,-730
131,225,-723
115,221,-719
122,232,-724
108,232,-736
96,250,-740
81,259,-751
48,282,-750
5,311,-743
-40,314,-726
-78,332,-710
-86,334,-704
-91,333,-705
-117,341,-689
-162,322,-670
-204,310,-654
-254,294,-616
-284,282,-588
-302,264,-548
-319,239,-529
-329,241,-515
-328,244,-502
-340,216,-508
-328,210,-504
-327,217,-519
-322,224,-522
-327,229,-531
-321,233,-537
-319,265,-547
-292,300,-570
-283,329,-575
-286,344,-576
-286,364,-576
-282,414,-572
-268,456,-556
-280,450,-542
-283,463,-527
-285,473,-511
-275,485,-495
-277,483,-485
-308,464,-480
-305,461,-467
-315,463,-451
-310,494,-426
-298,516,-404
-332,544,-392
-364,554,-330
-468,514,-284
-490,480,-282
-526,488,-274
-556,504,-246
-609,531,-207
-678,568,-176
-759,597,-175
-850,642,-214
-1031,683,-215
-1127,773,-243
-1203,717,-285
-1142,664,-298
-1067,639,-297
-988,630,-280
-915,599,-265
-826,562,-258
-733,525,-235
-710,500,-212
-702,494,-182
-688,492,-156
-666,508,-144
-607,515,-143
-531,523,-209
-436,530,-284
-329,531,-353
-237,517,-407
-198,478,-450
-191,439,-499
-184,426,-504
-162,436,-496
-136,450,-498
-108,476,-492
-86,490,-476
-43,503,-481
-18,504,-498
27,499,-501
61,503,-489
101,503,-503
131,503,-517
146,484,-540
166,472,-544
154,468,-556
148,456,-564
128,446,-570
126,430,-576
117,411,-583
125,395,-577
132,384,-580
136,366,-580
129,353,-583
125,353,-567
107,359,-557
102,352,-540
104,358,-532
89,371,-531
88,370,-530
81,377,-517
83,379,-519
67,389,-517
55,395,-517
31,397,-521
25,395,-545
34,382,-568
42,362,-594
48,338,-610
47,335,-629
35,337,-627
48,324,-628
41,319,-641
46,320,-644
44,306,-642
46,302,-646
42,290,-652
41,287,-647
38,276,-650
18,266,-652
-2,252,-654
-9,251,-657
-30,256,-650
-44,274,-640
-64,290,-632
-71,285,-625
-69,285,-625
-77,295,-621
-93,317,-607
-106,348,-590
-96,348,-578
-104,354,-584
-115,361,-569
-131,369,-559
-181,361,-547
-191,383,-519
-211,389,-497
-226,372,-512
-244,354,-516
-253,337,-529
-259,311,-531
-257,323,-549
-268,326,-552
-272,304,-562
-271,289,-565
-274,270,-564
-269,251,-575
-268,228,-576
-262,220,-582
-256,226,-592
-239,219,-595
-226,178,-602
-211,159,-615
-212,148,-612
-210,156,-614
-222,164,-616
-231,163,-615
-237,159,-625
-240,158,-624
-247,171,-615
-250,162,-622
-250,160,-624
-255,165,-625
-268,168,-614
-273,191,-605
-284,200,-602
-289,227,-607
-288,248,-598
-285,267,-601
-275,287,-587
-268,316,-590
-268,326,-578
-267,331,-569
-257,331,-573
-249,337,-569
-257,337,-557
-245,335,-563
-251,333,-567
-246,338,-568
-241,341,-557
-252,348,-558
-256,336,-558
-247,339,-555
-241,351,-545
-232,344,-546
-225,357,-549
-221,345,-549
-218,342,-556
-213,357,-545
-197,365,-539
-199,371,-545
-214,378,-530
-240,354,-516
-280,318,-510
-293,319,-521
-266,328,-538
-268,338,-534
-268,316,-538
-275,299,-551
-271,301,-545
-257,337,-527
-272,326,-520
-284,302,-514
-298,292,-528
-283,263,-527
-307,255,-523
-291,263,-543
-281,271,-551
-263,283,-579
-256,302,-578
-259,305,-589
-260,292,-586
-265,291,-601
-272,294,-592
-283,287,-581
-283,285,-583
-287,285,-577
-284,290,-574
-270,290,-596
-257,297,-613
-233,309,-629
-202,306,-648
-186,288,-658
-188,262,-660
-185,259,-657
-192,258,-650
-188,250,-640
-189,245,-651
-211,245,-643
-213,263,-629
-224,228,-626
-211,203,-627
-212,202,-632
-225,201,-637
-227,201,-625
-234,190,-632
-237,189,-627
-237,173,-615
-234,178,-624
-234,158,-618
-231,151,-625
-219,155,-629
-214,150,-630
-196,136,-634
-184,132,-644
-150,120,-654
-101,101,-661
-46,90,-652
-25,113,-663
-4,128,-664
4,164,-664
36,176,-672
54,202,-656
81,223,-645
85,265,-639
84,302,-618
51,343,-613
26,360,-610
15,385,-595
7,403,-589
-7,407,-577
-20,400,-574
-23,407,-579
-16,424,-560
-20,434,-540
-22,470,-476
34,466,-358
20,476,-356
-1,469,-367
8,482,-370
-9,477,-375
-20,486,-384
-21,485,-371
-32,492,-382
-35,477,-407
-43,471,-427
-46,462,-444
-35,459,-441
-30,454,-462
-41,445,-483
-50,432,-508
-44,416,-536
-29,405,-531
-7,391,-553
16,368,-556
44,356,-560
64,328,-580
44,308,-590
47,293,-599
47,269,-603
55,219,-613
58,186,-604
46,172,-626
19,155,-629
-10,142,-638
-41,103,-625
-67,77,-633
-88,58,-630
-101,29,-625
-108,22,-612
-119,11,-607
-139,-7,-589
-166,-30,-578
-199,-29,-563
-206,-34,-560
-225,-23,-563
-230,10,-582
-246,34,-586
-265,67,-593
-262,92,-600
-261,131,-617
-260,164,-618
-257,189,-617
-250,208,-618
-246,212,-606
-258,210,-602
-269,211,-607
-279,211,-601
-276,230,-592
-279,243,-595
-285,253,-599
-278,284,-576
-266,326,-570
-230,362,-572
-177,395,-555
-71,453,-491
-25,479,-425
-11,475,-397
4,484,-408
-14,474,-420
14,470,-400
41,469,-387
29,461,-413
27,461,-445
19,455,-461
25,451,-473
21,443,-479
18,434,-490
37,417,-507
18,420,-526
26,398,-542
58,412,-520
112,396,-484
172,336,-476
205,249,-479
205,135,-495
168,64,-512
149,39,-525
146,22,-522
135,13,-533
119,13,-537
100,-12,-544
88,-16,-538
86,-20,-548
72,-30,-544
65,-17,-553
59,-15,-563
54,6,-566
69,13,-565
73,23,-583
79,51,-581
81,71,-589
72,82,-600
82,70,-590
95,73,-591
104,76,-578
122,96,-582
151,125,-571
178,156,-548
203,243,-503
191,299,-479
150,360,-482
75,421,-487
2,428,-536
-38,414,-552
-54,428,-540
-36,436,-522
-45,431,-527
-66,422,-540
-91,403,-565
-109,377,-587
-107,367,-597
-108,364,-594
-135,373,-591
-146,378,-572
-135,407,-557
-132,394,-570
-153,367,-589
-187,311,-603
-220,252,-610
-225,187,-615
-216,124,-614
-212,80,-622
-200,68,-618
-196,62,-618
-196,60,-614
-198,38,-604
-195,7,-597
-195,-27,-581
-194,-62,-562
-180,-74,-558
-174,-78,-550
-161,-93,-543
-130,-118,-526
-94,-126,-522
-70,-128,-516
-53,-139,-511
-44,-124,-522
-39,-95,-547
-43,-67,-561
-51,-29,-589
-52,-6,-608
-46,4,-614
-39,17,-617
-42,4,-616
-48,-2,-614
-43,-29,-599
-49,-47,-583
-64,-68,-572
-86,-72,-572
-120,-52,-584
-160,-40,-588
-223,-9,-585
-296,90,-594
-318,238,-590
-233,371,-549
-168,440,-478
-139,455,-431
-130,468,-400
-116,472,-386
-106,460,-392
-88,458,-410
-105,463,-411
-85,457,-401
-54,456,-390
-37,461,-373
-39,463,-379
-44,476,-400
-13,475,-427
-50,494,-410
-37,493,-419
-14,482,-406
-14,492,-410
-8,484,-422
-4,488,-414
24,492,-380
71,471,-391
79,473,-403
62,486,-412
70,482,-412
103,473,-375
161,431,-355
171,417,-379
173,395,-421
162,394,-458
166,386,-458
167,369,-453
152,374,-458
160,376,-464
162,360,-480
153,355,-499
181,297,-507
207,219,-505
190,134,-534
146,84,-566
108,64,-584
76,36,-590
39,23,-595
2,50,-618
-37,85,-633
-87,97,-625
-140,92,-618
-184,96,-612
-196,94,-602
-209,107,-599
-227,135,-595
-243,155,-581
-259,169,-575
-265,175,-573
-267,167,-565
-281,183,-555
-294,182,-550
-303,187,-533
-305,187,-535
-301,139,-519
-293,57,-507
-252,-22,-480
-207,-73,-455
-195,-81,-425
-196,-72,-422
-226,-62,-434
-246,-44,-434
-245,-41,-419
-250,-26,-418
-241,-33,-409
-238,-38,-392
-224,-48,-370
-220,-48,-366
-217,-41,-363
-224,-34,-360
-238,-6,-362
-248,2,-364
-241,13,-357
-242,10,-352
-243,19,-331
-235,23,-329
-237,33,-329
-242,44,-316
-230,40,-314
-221,33,-317
-218,40,-310
-209,33,-301
-193,29,-301
-193,15,-305
-197,7,-305
-200,-6,-300
-197,-11,-307
-182,-42,-314
-123,-63,-317
-71,-77,-327
-71,-77,-345
-46,-68,-378
-47,-69,-397
-36,-66,-414
-31,-71,-429
11,-61,-433
82,-36,-412
124,-14,-358
146,8,-302
149,33,-271
124,50,-266
113,71,-269
110,90,-274
119,121,-239
119,149,-213
101,187,-211
94,226,-204
62,256,-196
31,287,-205
-7,307,-217
-29,319,-225
-52,318,-220
-67,321,-215
-92,322,-220
-128,326,-232
-152,332,-244
-158,326,-252
-171,305,-243
-185,311,-243
-188,310,-246
-197,313,-251
-196,322,-260
-161,343,-273
-98,358,-260
-28,342,-262
22,318,-264
40,298,-246
48,278,-246
55,271,-239
72,226,-218
81,201,-219
83,187,-217
84,156,-222
88,106,-228
71,69,-243
74,46,-244
74,40,-250
66,20,-248
68,2,-258
45,-27,-271
27,-33,-275
2,-36,-282
-16,-44,-276
-38,-42,-282
-51,-47,-283
-45,-49,-283
-45,-63,-299
-52,-64,-294
-44,-72,-294
-32,-72,-300
-36,-76,-298
-30,-84,-294
-31,-79,-313
-26,-82,-338
-20,-86,-366
-9,-79,-363
19,-75,-359
69,-47,-363
109,3,-361
152,52,-336
153,133,-315
126,190,-282
117,239,-269
107,269,-267
81,307,-299
71,331,-321
53,355,-329
30,364,-348
27,369,-357
17,381,-373
6,388,-376
3,393,-389
-17,391,-383
-20,396,-388
-27,397,-389
-32,400,-380
-51,395,-367
-54,406,-352
-57,393,-349
-59,393,-361
-67,399,-357
-75,399,-355
-70,390,-356
-66,394,-354
-60,398,-362
-62,394,-360
-69,401,-355
-75,407,-369
-51,399,-373
-20,402,-368
-5,399,-375
-2,390,-368
-2,392,-364
1,385,-353
4,384,-336
-2,378,-344
14,378,-340
62,362,-356
124,302,-394
135,293,-431
140,276,-432
164,234,-424
171,203,-415
178,192,-412
171,181,-419
175,173,-415
170,156,-430
175,157,-425
167,133,-441
158,112,-452
149,87,-467
150,60,-450
142,36,-436
124,6,-436
114,-8,-436
86,-30,-448
54,-36,-460
25,-49,-479
-10,-58,-480
-64,-58,-494
-108,-58,-496
-139,-45,-499
-163,-53,-475
-193,-45,-483
-207,-29,-473
-230,-20,-468
-251,-3,-467
-260,18,-460
-276,30,-466
-285,51,-467
-304,56,-464
-301,61,-461
-318,70,-454
-313,79,-457
-314,94,-456
-311,77,-457
-310,68,-456
-299,61,-451
-298,48,-442
-308,32,-432
-305,23,-413
-314,38,-408
-311,49,-415
-325,93,-437
-326,124,-442
-329,135,-451
-326,120,-462
-309,99,-465
-304,72,-470
-313,89,-475
-316,144,-480
-320,192,-480
-311,263,-437
-278,326,-370
-231,355,-315
-224,368,-312
-216,386,-348
-210,388,-406
-189,383,-475
-153,383,-463
-108,402,-410
-74,408,-354
-38,406,-320
-2,400,-334
13,399,-341
17,401,-343
19,393,-337
23,393,-347
22,398,-346
-1,405,-355
-27,407,-357
-70,426,-372
-124,422,-398
-193,393,-437
-269,335,-451
-299,221,-491
-263,89,-535
-244,44,-542
-218,-4,-526
-176,-38,-504
-156,-66,-494
-134,-68,-482
-110,-86,-470
-76,-90,-460
-31,-95,-443
-6,-100,-418
36,-104,-396
54,-94,-384
90,-78,-372
108,-66,-354
113,-53,-339
119,-47,-343
125,-43,-349
117,-45,-363
133,-45,-353
139,-45,-339
139,-33,-335
139,-45,-341
125,-43,-357
128,-30,-374
140,-4,-392
168,36,-390
190,98,-366
180,218,-356
151,291,-347
86,350,-352
68,368,-372
58,380,-368
67,379,-369
80,366,-364
72,374,-360
81,371,-371
62,378,-378
44,388,-384
18,412,-406
-15,411,-411
-41,421,-401
-42,412,-390
-50,416,-374
-54,412,-370
-78,424,-378
-120,424,-400
-148,414,-426
-176,402,-440
-174,396,-450
-187,391,-437
-194,390,-438
-191,397,-405
-169,403,-393
-131,417,-389
-77,417,-387
29,379,-369
144,286,-338
201,159,-317
192,50,-332
144,-34,-366
118,-48,-388
97,-63,-387
93,-85,-379
79,-95,-365
53,-103,-351
22,-128,-366
-34,-136,-366
-90,-134,-358
-116,-132,-354
-150,-132,-332
-160,-128,-318
-169,-139,-301
-167,-133,-289
-178,-128,-292
-196,-110,-292
-196,-116,-282
-206,-110,-286
-196,-118,-288
-203,-113,-293
-213,-113,-307
-238,-78,-334
-271,-57,-345
-314,-2,-364
-330,46,-394
-329,67,-407
-335,73,-409
-347,105,-413
-344,142,-420
-351,205,-431
-328,268,-398
-293,305,-371
-251,359,-323
-239,371,-341
-236,370,-384
-226,370,-366
-197,379,-319
-180,378,-286
-162,376,-270
-159,375,-255
-140,366,-232
-109,363,-215
-92,354,-204
-112,360,-206
-126,360,-210
-142,348,-214
-175,359,-233
-189,351,-249
-204,348,-254
-223,345,-269
-239,341,-269
-254,318,-268
-272,294,-258
-290,266,-252
-291,249,-247
-301,225,-235
-282,214,-220
-299,197,-195
-282,190,-182
-277,181,-185
-282,182,-172
-276,176,-174
-267,183,-169
-256,184,-164
-251,201,-167
-242,218,-164
-228,218,-166
-233,227,-169
-227,235,-161
-225,237,-159
-220,240,-154
-200,242,-140
-202,226,-132
-202,210,-130
-200,212,-128
-214,214,-134
-235,203,-149
-238,204,-156
-243,219,-171
-253,219,-175
-258,222,-184
-271,187,-179
-267,103,-165
-236,2,-156
-164,-70,-142
-86,-88,-124
-63,-69,-109
-48,-56,-98
-34,-56,-98
-15,-51,-101
-3,-53,-85
2,-30,-92
10,-10,-78
18,22,-68
15,67,-65
1,107,-67
-13,149,-77
-25,177,-83
-55,209,-95
-79,239,-115
-103,265,-133
-118,286,-156
-131,281,-155
-137,285,-163
-143,289,-159
-148,282,-164
-154,294,-170
-148,286,-162
-153,287,-165
-172,286,-168
-181,279,-167
-187,265,-167
-181,263,-163
-189,257,-163
-202,244,-160
-194,232,-144
-187,239,-141
-190,228,-132
-190,226,-128
-187,213,-129
-188,186,-114
-210,172,-114
-209,149,-105
-198,134,-98
-180,98,-86
-164,72,-72
-173,65,-69
-171,41,-83
-167,51,-87
-171,51,-73
-175,27,-87
-171,19,-91
-175,27,-95
-176,42,-96
-188,74,-82
-179,89,-79
-164,86,-80
-172,84,-82
-170,90,-76
-164,114,-78
-157,133,-81
-157,151,-79
-147,171,-87
-147,165,-73
-125,143,-67
-102,126,-60
-110,132,-66
-111,143,-71
-120,154,-74
-123,145,-75
-119,145,-75
-122,142,-72
-115,139,-67
-110,146,-70
-101,157,-63
-99,143,-73
-94,148,-66
-111,157,-69
-123,169,-73
-130,154,-70
-116,158,-78
-129,145,-77
-142,160,-70
-124,162,-78
-112,164,-74
-93,159,-67
-82,160,-76
-61,157,-71
-40,160,-66
-47,197,-75
-51,217,-93
-31,197,-85
2,174,-72
19,143,-61
18,122,-62
27,103,-55
29,99,-57
34,102,-58
36,82,-56
45,59,-53
39,41,-57
31,9,-55
16,-12,-54
7,-15,-55
-11,-15,-57
-11,-23,-51
-11,-27,-55
-11,-29,-61
-5,-41,-71
5,-53,-81
17,-67,-87
24,-68,-98
29,-73,-93
33,-67,-99
34,-56,-98
38,-72,-110
34,-86,-114
42,-100,-122
38,-104,-138
35,-105,-151
22,-126,-176
-15,-137,-199
-41,-149,-229
-61,-151,-215
-65,-139,-185
-73,-133,-165
-96,-110,-140
-112,-104,-162
-171,-77,-173
-201,-49,-175
-236,-16,-182
-246,22,-188
-250,36,-200
-261,35,-191
-250,40,-182
-247,47,-181
-245,45,-185
-246,44,-180
-250,36,-196
-253,31,-189
-249,21,-197
-254,14,-198
-258,0,-210
-236,-18,-208
-230,-30,-200
-217,-45,-209
-220,-50,-210
-212,-62,-204
-211,-67,-211
-195,-77,-197
-169,-99,-191
-137,-115,-185
-78,-136,-190
3,-129,-195
62,-106,-190
104,-78,-184
121,-51,-173
129,-25,-157
125,11,-141
127,29,-121
122,58,-110
96,92,-94
76,138,-96
63,165,-97
50,182,-96
36,190,-100
18,200,-100
12,234,-120
-1,257,-137
-13,287,-151
-39,299,-165
-76,318,-192
-83,333,-205
-82,332,-216
-88,350,-226
-102,362,-244
-120,374,-258
-147,387,-275
-163,399,-299
-189,405,-319
-212,394,-312
-220,380,-294
-233,365,-287
-241,359,-279
-244,338,-276
-238,338,-276
-241,333,-275
-235,327,-267
-255,331,-287
-280,302,-276
-293,265,-259
-307,221,-257
-322,192,-254
-333,161,-251
-325,133,-251
-330,82,-248
-317,41,-263
-299,-15,-271
-289,-29,-281
-279,-71,-293
-271,-89,-309
-221,-133,-307
-160,-154,-312
-107,-171,-305
-72,-176,-298
-41,-173,-317
-31,-181,-333
-16,-166,-352
-2,-168,-362
-6,-172,-362
10,-166,-364
7,-173,-347
10,-166,-348
-8,-166,-340
-24,-174,-360
-38,-174,-362
-66,-170,-360
-91,-163,-363
-162,-150,-344
-282,-70,-332
-348,86,-320
-311,243,-323
-259,301,-305
-209,313,-297
-185,339,-291
-142,358,-282
-118,360,-284
-75,359,-267
-22,354,-262
10,362,-270
41,351,-261
75,329,-247
100,328,-254
114,322,-266
138,298,-260
181,263,-259
206,252,-266
218,244,-284
225,259,-277
249,245,-261
274,230,-264
285,215,-261
315,169,-269
337,103,-287
351,39,-321
315,-47,-347
258,-98,-356
204,-136,-360
153,-163,-353
106,-190,-378
50,-202,-398
-9,-213,-425
-83,-211,-469
-152,-188,-492
-172,-172,-476
-218,-134,-480
-283,-65,-501
-313,-19,-501
-316,22,-510
-347,63,-519
-343,117,-523
-316,182,-532
-306,242,-544
-296,296,-562
-305,323,-579
-264,372,-588
-161,429,-591
-42,456,-588
10,434,-584
-1,403,-577
-33,363,-557
-71,305,-549
-117,251,-545
-128,200,-544
-133,159,-535
-118,138,-536
-109,171,-545
-97,219,-545
-98,246,-552
-90,360,-562
-52,496,-528
-44,506,-504
-62,408,-510
-67,323,-519
-65,329,-521
-69,341,-515
-79,353,-495
-123,351,-487
-157,327,-477
-193,311,-481
-209,279,-483
-219,259,-485
-248,214,-474
-261,177,-479
-270,162,-488
-316,132,-494
-330,84,-490
-313,49,-505
-303,23,-501
-279,7,-503
-243,-7,-515
-185,-9,-527
-148,4,-536
-121,17,-533
-95,51,-537
-64,74,-534
-52,100,-538
-33,131,-541
-33,113,-543
-29,89,-545
-51,99,-545
-80,136,-530
-91,171,-505
-90,180,-490
-112,198,-480
-112,218,-462
-115,221,-449
-124,216,-458
-125,195,-455
-129,201,-465
-143,209,-455
-145,217,-455
-155,215,-445
-179,229,-443
-190,246,-430
-198,250,-414
-210,264,-400
-222,242,-396
-226,240,-396
-236,234,-392
-245,225,-387
-256,216,-370
-262,208,-376
-263,195,-377
-264,196,-380
-275,189,-381
-282,184,-374
-286,180,-368
-277,187,-377
-261,203,-387
-258,210,-414
-254,200,-436
-239,195,-445
-243,197,-435
-239,189,-437
-245,189,-439
-241,181,-429
-235,187,-449
-199,183,-477
-145,143,-533
-90,86,-564
-35,57,-569
-66,94,-540
-141,71,-479
-153,13,-437
-149,11,-433
-126,18,-446
-111,23,-475
-88,14,-490
-93,7,-497
-64,4,-512
-30,8,-514
-5,7,-511
15,11,-515
12,6,-528
60,10,-528
71,13,-553
65,5,-549
74,6,-538
90,20,-524
98,20,-520
100,20,-506
81,-33,-523
24,-64,-536
-21,-87,-545
-98,-116,-552
-163,-109,-557
-242,-28,-556
-266,100,-548
-261,187,-517
-243,233,-505
-235,255,-503
-216,256,-498
-207,279,-495
-177,297,-473
-186,308,-466
-184,298,-474
-169,307,-487
-137,323,-459
-93,341,-449
-76,342,-448
-94,334,-458
-102,328,-474
-53,327,-477
20,316,-444
55,299,-445
78,272,-454
74,284,-476
53,295,-491
63,277,-499
90,240,-494
118,192,-478
136,168,-468
143,157,-471
137,171,-477
132,194,-498
113,219,-499
107,237,-505
94,288,-514
71,331,-521
49,371,-525
39,423,-535
25,473,-541
-6,560,-558
-18,680,-576
-30,842,-576
-55,987,-565
-72,1066,-530
-79,1031,-517
-70,936,-504
-77,825,-511
-82,768,-516
-96,722,-518
-89,705,-519
-73,767,-537
-117,931,-539
-153,1223,-481
-171,1497,-397
-172,1566,-326
-108,1404,-340
51,1239,-395
364,1158,-404
814,1038,-420
1435,863,-385
1899,525,-375
1703,239,-477
1169,121,-565
809,23,-597
612,-52,-644
479,-105,-651
440,-110,-620
400,-74,-588
310,-56,-574
203,-49,-589
119,-47,-599
63,-33,-589
3,-41,-567
-57,-27,-553
-114,0,-560
-122,4,-548
-124,-12,-530
-138,-24,-512
-168,6,-522
-199,39,-523
-214,40,-514
-211,37,-507
-224,64,-496
-265,111,-499
-265,141,-485
-260,154,-496
-258,150,-494
-259,157,-487
-269,153,-491
-262,140,-488
-254,118,-500
-234,74,-506
-222,42,-508
-189,17,-515
-153,11,-513
-112,-14,-526
-48,-20,-528
-1,-25,-511
3,-17,-521
-7,-1,-533
-10,18,-554
-1,11,-553
43,35,-541
77,53,-533
106,94,-518
152,170,-486
155,215,-453
143,233,-429
130,250,-406
117,279,-403
84,314,-376
58,330,-366
28,342,-366
3,353,-367
-26,370,-378
-49,367,-375
-58,366,-366
-80,368,-380
-91,371,-371
-115,365,-383
-115,361,-387
-118,356,-386
-148,350,-400
-135,351,-395
-140,354,-398
-135,361,-405
-136,354,-410
-127,355,-415
-140,356,-418
-165,349,-419
-168,348,-442
-152,342,-466
-157,355,-475
-148,354,-466
-149,353,-471
-162,356,-460
-195,333,-475
-237,285,-475
-262,240,-490
-281,197,-499
-285,147,-499
-293,133,-499
-275,135,-501
-287,135,-473
-276,122,-474
-275,103,-489
-256,74,-492
-240,38,-484
-228,2,-480
-197,-19,-491
-177,-45,-485
-152,-52,-478
-113,-65,-477
-78,-92,-444
-28,-90,-434
-28,-92,-428
-15,-81,-431
-9,-77,-439
-6,-80,-426
8,-82,-432
5,-75,-433
17,-75,-439
18,-70,-442
31,-67,-435
26,-74,-432
28,-76,-436
30,-68,-442
8,-74,-442
-3,-89,-441
-19,-89,-445
-32,-92,-444
-65,-89,-443
-104,-78,-462
-176,-48,-472
-268,32,-476
-288,132,-466
-283,225,-463
-254,256,-442
-245,289,-451
-227,309,-449
-210,318,-448
-181,335,-439
-147,355,-445
-96,364,-430
-16,370,-414
24,368,-402
48,356,-390
64,348,-380
64,338,-386
60,342,-386
52,348,-388
32,360,-366
27,363,-361
2,356,-338
7,367,-339
-4,360,-332
-19,363,-333
-35,363,-325
-90,368,-338
-176,352,-340
-254,266,-372
-279,119,-397
-255,23,-401
-211,-43,-367
-189,-77,-347
-178,-86,-334
-169,-99,-333
-156,-114,-340
-119,-121,-343
-97,-123,-349
-67,-131,-361
-42,-126,-368
-17,-129,-361
1,-123,-353
32,-126,-326
43,-119,-311
55,-113,-297
55,-115,-297
74,-120,-304
86,-114,-282
86,-104,-282
89,-105,-269
99,-105,-255
107,-101,-241
114,-88,-240
111,-83,-239
118,-86,-244
107,-95,-257
80,-114,-270
54,-130,-254
23,-145,-263
-35,-155,-265
-124,-136,-280
-212,-90,-310
-265,-33,-327
-307,43,-297
-309,127,-241
-265,187,-199
-247,209,-191
-221,251,-189
-168,294,-186
-156,302,-202
-112,308,-180
-96,304,-164
-62,282,-142
-41,279,-141
-36,296,-160
-37,309,-177
-31,325,-189
-29,329,-203
-13,317,-213
20,328,-210
34,312,-206
68,294,-194
85,279,-185
87,275,-189
89,259,-183
111,233,-171
113,225,-163
109,233,-169
115,227,-179
115,227,-167
133,193,-151
167,117,-149
153,51,-143
155,21,-155
155,5,-165
150,-6,-166
145,-27,-165
132,-58,-172
84,-100,-202
40,-126,-252
-7,-141,-295
-46,-142,-304
-64,-144,-302
-67,-131,-305
-76,-140,-314
-80,-140,-308
-78,-130,-310
-75,-141,-297
-79,-147,-293
-61,-147,-277
-39,-151,-273
-17,-143,-277
41,-135,-279
99,-99,-287
180,18,-256
115,199,-183
47,251,-147
13,311,-185
-38,336,-232
-68,346,-242
-72,336,-230
-85,317,-199
-92,316,-188
-108,308,-194
-128,312,-206
-118,320,-208
-132,302,-202
-134,310,-202
-146,302,-192
-152,298,-210
-161,293,-203
-175,289,-211
-193,283,-219
-214,266,-222
-237,237,-223
-268,192,-230
-294,124,-248
-292,106,-270
-288,64,-268
-276,12,-274
-250,-32,-280
-231,-75,-277
-200,-92,-276
-175,-121,-283
-145,-137,-275
-116,-146,-276
-93,-151,-263
-70,-156,-254
-53,-157,-271
-39,-145,-287
-36,-146,-310
-25,-149,-317
-8,-162,-306
29,-153,-269
46,-142,-236
76,-124,-214
114,-90,-186
143,-37,-175
146,20,-152
152,60,-136
142,130,-118
133,163,-119
107,195,-121
91,219,-129
72,246,-136
68,250,-140
50,252,-138
34,254,-132
26,262,-134
15,273,-143
23,271,-141
31,263,-127
39,255,-135
40,258,-144
45,279,-155
74,272,-152
133,213,-145
183,77,-135
125,-81,-149
11,-139,-187
-18,-172,-232
-39,-173,-247
-56,-168,-250
-69,-169,-231
-79,-163,-215
-62,-172,-214
-93,-163,-229
-102,-164,-236
-115,-161,-253
-140,-154,-264
-168,-134,-264
-214,-104,-270
-271,-51,-269
-283,-7,-253
-289,55,-227
-281,129,-181
-187,209,-133
-175,203,-117
-185,223,-125
-193,239,-141
-204,246,-170
-201,263,-183
-201,261,-187
-184,252,-160
-182,248,-148
-176,260,-156
-176,260,-156
-170,254,-154
-181,249,-149
-198,224,-142
-241,167,-151
-253,13,-165
-210,-96,-174
-141,-141,-185
-102,-164,-184
-82,-162,-172
-51,-161,-183
-25,-157,-181
-28,-158,-162
-3,-155,-161
5,-139,-151
-4,-150,-150
1,-143,-139
7,-125,-121
18,-124,-114
12,-106,-100
30,-100,-102
41,-91,-97
57,-87,-97
70,-74,-88
81,-75,-99
77,-79,-109
67,-73,-91
77,-59,-85
81,-49,-87
81,-51,-85
72,-42,-68
64,-28,-66
50,-22,-48
51,-5,-53
47,-9,-51
65,15,-55
58,34,-44
55,67,-45
41,93,-49
21,153,-55
-2,182,-58
-26,196,-78
-35,193,-67
-42,178,-62
-50,168,-56
-67,165,-47
-75,161,-53
-81,145,-45
-81,129,-37
-82,106,-30
-89,83,-37
-79,77,-41
-89,67,-31
-86,72,-30
-83,81,-29
-67,87,-33
-56,92,-34
-33,101,-37
17,99,-29
50,44,-34
8,-24,-36
-15,-51,-47
-18,-42,-54
-25,-63,-51
-31,-73,-59
-45,-75,-63
-63,-79,-69
-80,-84,-84
-106,-86,-84
-127,-87,-89
-150,-68,-92
-180,-20,-90
-183,-23,-101
-187,-21,-99
-199,21,-91
-184,114,-84
-141,137,-65
-138,124,-46
-121,101,-39
-101,93,-35
-94,78,-36
-94,82,-36
-90,84,-36
-89,95,-37
-71,103,-35
-74,106,-36
-65,93,-37
-49,87,-31
-48,74,-30
-45,71,-23
-43,65,-25
-44,68,-24
-35,61,-25
-33,53,-23
-30,54,-28
-41,81,-33
-53,87,-27
-64,98,-42
-69,101,-39
-77,101,-35
-75,91,-33
-67,87,-33
-70,82,-32
-60,76,-26
-60,86,-36
-62,80,-32
-71,81,-27
-53,77,-25
-56,76,-34
-52,76,-36
-77,97,-37
-89,109,-43
-103,109,-43
-111,117,-41
-128,118,-48
-128,106,-50
-133,113,-55
-139,115,-57
-161,133,-59
-162,130,-74
-163,121,-69
-164,118,-70
-159,121,-77
-160,118,-80
-163,125,-71
-157,123,-75
-155,123,-77
-146,126,-64
-147,139,-67
-149,127,-63
-141,95,-65
-141,31,-55
-135,-1,-57
-119,-5,-59
-121,7,-55
-137,43,-65
-144,58,-68
-150,76,-64
-160,76,-64
-148,74,-60
-145,77,-67
-147,73,-49
-155,73,-65
-145,91,-65
-146,100,-74
-163,101,-71
-166,102,-66
-151,73,-65
-151,85,-67
-171,103,-77
-178,136,-88
-186,146,-104
-185,153,-99
-194,146,-104
-203,127,-101
-203,91,-95
-198,78,-88
-185,61,-85
-162,40,-70
-149,29,-69
-141,13,-61
-127,-5,-53
-103,5,-35
-73,1,-39
-57,21,-31
-39,47,-25
-28,60,-20
-13,69,-33
-2,86,-30
10,114,-46
22,158,-74
36,206,-100
43,223,-113
54,224,-118
45,239,-135
31,257,-139
22,252,-142
18,252,-150
-2,264,-158
-15,271,-165
-17,279,-167
0,276,-168
10,272,-162
27,271,-153
30,262,-160
44,264,-162
67,247,-155
126,198,-142
173,107,-121
163,5,-131
129,-69,-133
32,-140,-150
-30,-154,-188
-36,-158,-218
-65,-159,-221
-97,-139,-225
-101,-147,-211
-102,-148,-192
-112,-142,-196
-127,-143,-211
-153,-121,-227
-153,-123,-225
-170,-114,-236
-187,-97,-231
-217,-67,-235
-225,-45,-221
-235,-33,-211
-241,-1,-213
-252,28,-224
-265,55,-235
-265,93,-239
-256,144,-254
-233,205,-265
-196,254,-288
-164,274,-280
-131,289,-267
-93,295,-245
-73,301,-237
-49,305,-235
-38,302,-230
-18,300,-224
-1,311,-227
1,305,-235
6,302,-246
6,302,-238
19,303,-247
23,305,-259
9,313,-275
22,302,-284
26,304,-302
34,292,-322
28,290,-330
46,292,-326
66,274,-302
94,254,-298
118,238,-284
127,227,-279
145,201,-291
175,161,-293
183,87,-297
173,15,-297
139,-41,-301
114,-84,-308
86,-96,-302
73,-109,-301
60,-108,-296
54,-116,-294
58,-114,-306
52,-120,-300
49,-119,-315
54,-114,-330
85,-85,-325
165,7,-321
131,215,-289
-35,321,-283
-63,321,-379
-82,288,-440
-80,292,-444
-95,295,-407
-101,313,-405
-128,302,-406
-138,286,-422
-165,279,-413
-205,229,-395
-243,167,-373
-257,101,-369
-256,46,-360
-243,-1,-333
-230,-42,-316
-201,-75,-303
-170,-98,-296
-153,-111,-301
-133,-113,-313
-113,-111,-335
-102,-106,-356
-85,-109,-353
-69,-115,-367
-61,-103,-371
-51,-113,-375
-40,-96,-376
-15,-109,-367
21,-105,-355
59,-111,-325
73,-99,-311
109,-97,-287
124,-78,-272
132,-80,-246
136,-52,-202
147,-23,-169
149,41,-143
142,98,-132
150,132,-144
131,157,-147
124,182,-148
104,218,-158
65,263,-183
47,293,-201
30,302,-210
25,315,-219
-6,324,-248
-35,347,-273
-73,355,-299
-93,343,-317
-106,336,-296
-125,327,-283
-140,316,-270
-143,311,-267
-151,305,-239
-148,306,-236
-152,306,-220
-144,286,-216
-144,286,-206
-140,292,-208
-123,303,-207
-100,324,-228
-26,324,-244
123,271,-247
201,143,-231
203,39,-219
178,-38,-244
114,-106,-258
88,-116,-280
65,-137,-291
40,-142,-282
16,-158,-280
-26,-152,-300
-77,-145,-307
-114,-136,-322
-148,-130,-326
-183,-101,-315
-195,-93,-307
-182,-110,-308
-182,-98,-320
-228,-74,-324
-274,6,-320
-296,120,-300
-272,188,-242
-258,200,-226
-232,220,-212
-202,230,-194
-168,240,-156
-128,254,-138
-99,267,-141
-71,281,-155
-58,290,-144
-32,290,-162
-34,282,-170
-12,292,-184
-16,312,-202
-16,314,-220
-14,316,-214
5,301,-213
24,290,-176
55,269,-167
78,248,-154
88,226,-146
106,210,-140
117,201,-131
124,176,-132
106,190,-128
100,202,-134
100,202,-122
104,186,-120
129,159,-113
152,120,-112
157,55,-119
134,-10,-108
103,-51,-107
62,-92,-110
57,-93,-117
53,-101,-119
52,-96,-102
36,-100,-108
27,-113,-117
26,-122,-130
20,-120,-126
12,-124,-124
19,-113,-127
19,-121,-133
13,-121,-129
25,-121,-133
37,-109,-133
57,-93,-123
108,-56,-122
128,24,-102
104,120,-98
40,194,-86
-22,230,-100
-53,253,-115
-94,254,-128
-100,250,-128
-103,249,-129
-103,239,-109
-103,237,-113
-115,239,-121
-140,250,-132
-153,253,-155
-165,255,-167
-164,242,-160
-149,223,-123
-138,212,-100
-151,169,-89
-189,85,-93
-203,7,-119
-188,-42,-132
-187,-71,-145
-168,-94,-152
-130,-114,-150
-120,-118,-146
-104,-120,-140
-86,-136,-152
-66,-140,-154
-32,-150,-152
-17,-145,-161
-4,-146,-162
5,-145,-153
13,-127,-129
20,-126,-128
11,-137,-139
29,-129,-145
44,-124,-136
51,-113,-125
56,-90,-104
64,-90,-108
55,-87,-103
59,-67,-83
61,-59,-71
55,-55,-71
50,-54,-68
49,-43,-69
53,-25,-55
68,-20,-56
76,-2,-62
86,20,-66
101,63,-75
103,121,-81
82,176,-104
76,210,-110
69,217,-111
64,208,-114
60,206,-102
58,206,-102
33,215,-103
20,220,-110
6,232,-112
-37,245,-113
-46,240,-110
-44,230,-102
-43,221,-95
-50,220,-98
-56,226,-106
-64,220,-100
-62,224,-104
-38,222,-98
-6,218,-100
63,189,-93
121,111,-71
112,-4,-64
-3,-89,-81
-120,-102,-140
-115,-129,-185
-103,-141,-193
-125,-129,-193
-121,-139,-195
-128,-120,-200
-149,-113,-215
-160,-100,-232
-197,-83,-237
-195,-81,-231
-226,-50,-236
-240,-18,-242
-257,-13,-243
-237,-7,-231
-245,1,-233
-244,8,-222
-257,37,-219
-266,66,-218
-256,118,-216
-237,189,-225
-190,242,-204
-136,250,-174
-86,256,-150
-67,257,-145
-49,245,-133
-33,249,-137
-5,245,-129
-6,234,-124
-3,231,-111
3,221,-117
17,225,-105
18,208,-100
24,194,-88
28,212,-96
20,212,-96
25,211,-107
33,221,-107
44,224,-124
58,224,-136
84,200,-110
109,163,-107
113,151,-115
125,141,-101
132,126,-110
135,113,-109
139,101,-115
145,85,-105
150,72,-118
139,83,-109
159,63,-111
151,13,-121
135,-41,-121
96,-80,-128
46,-116,-134
25,-127,-147
31,-129,-137
31,-119,-145
32,-124,-148
18,-126,-152
10,-140,-156
-3,-131,-149
-8,-144,-156
3,-143,-169
20,-140,-166
30,-144,-178
84,-120,-170
131,-61,-163
153,35,-147
107,173,-131
6,250,-132
-45,283,-153
-65,267,-155
-79,267,-153
-98,256,-144
-109,257,-145
-126,254,-140
-134,244,-148
-152,230,-136
-154,226,-138
-161,223,-137
-158,206,-124
-164,194,-112
-173,181,-123
-186,162,-120
-214,140,-136
-237,79,-145
-225,-25,-161
-200,-66,-184
-184,-80,-184
-176,-98,-180
-170,-92,-168
-155,-99,-149
-152,-98,-152
-141,-107,-147
-144,-114,-162
-141,-111,-143
-134,-114,-136
-114,-118,-112
-108,-108,-106
-102,-102,-96
-99,-95,-97
-85,-93,-91
-79,-93,-77
-75,-81,-81
-56,-82,-72
-42,-84,-76
-34,-60,-52
-28,-62,-50
-27,-55,-49
-4,-44,-48
23,-31,-45
30,0,-42
43,37,-41
42,70,-38
28,98,-38
21,123,-37
19,123,-43
10,126,-44
-2,136,-58
-4,156,-54
-4,158,-52
-7,171,-61
-2,184,-62
4,184,-72
5,189,-69
1,189,-77
19,195,-77
17,193,-79
30,202,-86
35,197,-87
63,177,-65
86,134,-56
95,63,-57
74,-14,-48
18,-72,-64
-41,-105,-83
-76,-118,-106
-89,-123,-115
-90,-116,-116
-93,-113,-111
-92,-122,-120
-109,-123,-129
-93,-133,-125
-89,-125,-125
-81,-123,-123
-62,-128,-114
-50,-144,-126
-44,-142,-122
-57,-131,-119
-78,-126,-112
-131,-93,-115
-186,-26,-132
-241,71,-157
-184,216,-174
-116,264,-158
-111,245,-127
-77,237,-111
-61,225,-95
-52,226,-110
-42,220,-94
-26,232,-102
-30,218,-98
-13,221,-93
-6,220,-98
10,198,-80
11,193,-85
23,191,-79
25,187,-81
29,193,-77
31,175,-63
18,176,-68
11,177,-77
1,185,-71
-3,183,-65
-3,177,-63
-29,193,-73
-44,188,-76
-44,210,-84
-56,210,-84
-61,221,-89
-74,226,-86
-92,218,-100
-104,210,-100
-166,176,-98
-201,135,-111
-220,76,-120
-214,4,-128
-170,-76,-132
-138,-106,-118
-126,-102,-112
-114,-120,-118
-111,-121,-121
-99,-131,-123
-75,-129,-111
-55,-129,-115
-48,-124,-106
-41,-123,-105
-27,-125,-105
4,-118,-96
14,-112,-92
16,-92,-92
18,-92,-78
23,-91,-79
32,-92,-74
27,-83,-65
41,-81,-73
27,-79,-59
25,-67,-65
32,-80,-60
32,-72,-68
43,-79,-71
73,-75,-79
109,-31,-85
106,58,-66
94,124,-68
87,159,-73
81,177,-87
78,176,-82
77,169,-81
75,163,-73
76,162,-66
76,162,-78
77,159,-69
76,158,-70
77,161,-73
83,151,-81
88,146,-68
102,132,-70
110,104,-64
122,24,-64
86,-54,-56
5,-93,-75
-93,-101,-83
-88,-124,-112
-80,-146,-142
-74,-150,-148
-60,-146,-148
-70,-156,-142
-61,-155,-151
-70,-148,-144
-80,-142,-138
-82,-142,-132
-83,-131,-127
-90,-142,-126
-82,-138,-130
-99,-141,-133
-106,-134,-138
-157,-119,-147
-200,-80,-162
-230,-24,-166
-253,69,-161
-220,164,-144
-190,176,-118
-174,184,-110
-173,199,-109
-169,201,-117
-155,193,-99
-140,192,-104
-139,185,-91
-135,193,-87
-125,183,-85
-117,177,-71
-117,173,-75
-124,180,-78
-126,178,-78
-110,184,-70
-116,168,-70
-118,172,-68
-115,177,-75
-119,173,-69
-128,172,-74
-120,164,-70
-129,165,-71
-144,166,-78
-166,150,-76
-178,122,-86
-190,90,-86
-211,91,-91
-206,84,-96
-190,104,-86
-179,113,-83
-174,132,-80
-163,151,-75
-157,151,-75
-147,165,-71
-142,158,-70
-148,158,-78
-151,159,-67
-154,166,-80
-151,159,-75
-157,157,-81
-169,147,-85
-178,140,-78
-173,143,-85
-174,142,-80
-181,143,-93
-177,143,-83
-181,141,-89
-183,141,-95
-185,137,-95
-179,129,-91
-186,126,-96
-190,122,-98
-195,117,-103
-197,119,-99
-210,106,-104
-216,106,-104
-210,104,-112
-210,108,-100
-214,100,-104
-209,99,-113
-213,95,-121
-216,92,-114
-229,95,-107
-224,92,-112
